settingtask_id,task_id,task_type,staff_id,staff_category,department_id,scheduled_hours,actual_hours,scheduled_day,actual_day,status,is_active,is_started,q_perf,q_deadline,q_status,a_mn,relative_success_score
1,1,backend,6,2,1,16,25,8,12,adopted_customer,False,False,1.0,1.0,1.0,1.0,0.35034211287861616
2,2,backend,6,2,1,11,16,5,8,adopted_customer,False,False,1.0,1.0,1.0,1.0,0.35034211287861616
3,3,backend,6,2,1,20,18,10,9,verification,True,True,0.9,0.9,0.0,0.63,0.35034211287861616
4,4,backend,6,2,1,8,9,4,4,Started,True,True,1.0,1.0,0.0,0.7,0.35034211287861616
5,5,backend,6,2,1,10,14,5,7,verification_staff,True,True,1.0,1.0,0.0,0.7,0.35034211287861616
6,6,backend,6,2,1,6,10,3,5,Not_started,True,True,1.0,1.0,0.0,0.7,0.35034211287861616
7,7,backend,6,2,1,10,7,5,3,adopted_customer,False,False,0.7,0.6,1.0,0.76,0.35034211287861616
8,8,backend,6,2,1,6,5,3,2,adopted_customer,False,False,0.8333333333333334,0.6666666666666666,1.0,0.833,0.35034211287861616
9,9,backend,6,2,1,7,20,3,10,verification,True,True,1.0,1.0,0.0,0.7,0.35034211287861616
10,10,integration,24,2,3,16,25,8,12,adopted_customer,False,False,1.0,1.0,1.0,1.0,0.13826057087921492
11,11,integration,24,2,3,14,17,7,8,adopted_customer,False,False,1.0,1.0,1.0,1.0,0.13826057087921492
12,12,integration,24,2,3,12,15,6,7,verification_staff,True,True,1.0,1.0,0.0,0.7,0.13826057087921492
13,13,integration,24,2,3,10,14,5,7,verification,True,True,1.0,1.0,0.0,0.7,0.13826057087921492
14,14,integration,24,2,3,8,15,4,7,Started,True,True,1.0,1.0,0.0,0.7,0.13826057087921492
15,15,integration,24,2,3,12,10,6,5,verification,True,True,0.8333333333333334,0.8333333333333334,0.0,0.583,0.13826057087921492
16,16,integration,24,2,3,6,30,3,15,Not_started,True,True,1.0,1.0,0.0,0.7,0.13826057087921492
17,17,integration,24,2,3,9,4,4,2,adopted,False,False,0.4444444444444444,0.5,1.0,0.628,0.13826057087921492
18,18,integration,24,2,3,7,14,3,7,rejected_customer,True,True,1.0,1.0,0.0,0.7,0.13826057087921492
19,19,integration,24,2,3,10,10,5,5,adopted_customer,False,False,1.0,1.0,1.0,1.0,0.13826057087921492
20,20,integration,24,2,3,6,5,3,2,verification_staff,True,True,0.8333333333333334,0.6666666666666666,0.0,0.533,0.13826057087921492
21,21,devops,23,2,5,12,13,6,6,adopted_customer,False,False,1.0,1.0,1.0,1.0,0.3838856910285482
22,22,devops,23,2,5,14,14,7,7,adopted_customer,False,False,1.0,1.0,1.0,1.0,0.3838856910285482
23,23,devops,23,2,5,10,30,5,15,verification,True,True,1.0,1.0,0.0,0.7,0.3838856910285482
24,24,devops,23,2,5,7,10,3,5,Started,True,True,1.0,1.0,0.0,0.7,0.3838856910285482
25,25,devops,23,2,5,11,12,5,6,verification_staff,True,True,1.0,1.0,0.0,0.7,0.3838856910285482
26,26,devops,23,2,5,8,12,4,6,Not_started,True,True,1.0,1.0,0.0,0.7,0.3838856910285482
27,27,devops,23,2,5,9,7,4,3,adopted_customer,False,False,0.7777777777777778,0.75,1.0,0.836,0.3838856910285482
28,28,devops,23,2,5,6,5,3,2,adopted_customer,False,False,0.8333333333333334,0.6666666666666666,1.0,0.833,0.3838856910285482
29,29,backend,6,2,1,8,7,4,3,adopted_customer,False,False,0.875,0.75,1.0,0.875,0.35034211287861616
30,30,backend,6,2,1,10,10,5,5,adopted_customer,False,False,1.0,1.0,1.0,1.0,0.35034211287861616
31,31,backend,6,2,1,9,9,4,4,adopted_customer,False,False,1.0,1.0,1.0,1.0,0.35034211287861616
32,32,backend,6,2,1,6,7,3,3,adopted_customer,False,False,1.0,1.0,1.0,1.0,0.35034211287861616
33,33,backend,6,2,1,7,8,3,4,adopted_customer,False,False,1.0,1.0,1.0,1.0,0.35034211287861616
34,34,backend,6,2,1,6,6,3,3,adopted_customer,False,False,1.0,1.0,1.0,1.0,0.35034211287861616
35,35,backend,6,2,1,7,7,3,3,adopted_customer,False,False,1.0,1.0,1.0,1.0,0.35034211287861616
36,36,backend,6,2,1,9,10,4,5,adopted_customer,False,False,1.0,1.0,1.0,1.0,0.35034211287861616
37,37,backend,6,2,1,6,5,3,2,adopted_customer,False,False,0.8333333333333334,0.6666666666666666,1.0,0.833,0.35034211287861616
38,38,backend,6,2,1,5,6,2,3,adopted_customer,False,False,1.0,1.0,1.0,1.0,0.35034211287861616
39,39,backend,6,2,1,6,7,3,3,adopted_customer,False,False,1.0,1.0,1.0,1.0,0.35034211287861616
40,40,backend,6,2,1,7,6,3,3,adopted_customer,False,False,0.8571428571428571,1.0,1.0,0.943,0.35034211287861616
41,41,backend,6,2,1,10,11,5,5,adopted_customer,False,False,1.0,1.0,1.0,1.0,0.35034211287861616
42,42,frontend,8,2,2,8,10,4,5,adopted_customer,False,False,1.0,1.0,1.0,1.0,0.3607607691617148
43,43,frontend,8,2,2,7,12,3,6,adopted_customer,False,False,1.0,1.0,1.0,1.0,0.3607607691617148
44,44,frontend,8,2,2,6,4,3,2,adopted_customer,False,False,0.6666666666666666,0.6666666666666666,1.0,0.767,0.3607607691617148
45,45,frontend,8,2,2,5,9,2,4,adopted_customer,False,False,1.0,1.0,1.0,1.0,0.3607607691617148
46,46,frontend,8,2,2,6,10,3,5,adopted_customer,False,False,1.0,1.0,1.0,1.0,0.3607607691617148
47,47,frontend,8,2,2,5,4,2,2,adopted_customer,False,False,0.8,1.0,1.0,0.92,0.3607607691617148
48,48,frontend,8,2,2,7,8,3,4,adopted_customer,False,False,1.0,1.0,1.0,1.0,0.3607607691617148
49,49,frontend,8,2,2,6,2,3,1,adopted_customer,False,False,0.3333333333333333,0.3333333333333333,1.0,0.533,0.3607607691617148
50,50,frontend,8,2,2,8,4,4,2,adopted_customer,False,False,0.5,0.5,1.0,0.65,0.3607607691617148
51,51,frontend,8,2,2,5,10,2,5,adopted_customer,False,False,1.0,1.0,1.0,1.0,0.3607607691617148
52,52,frontend,8,2,2,7,12,3,6,adopted_customer,False,False,1.0,1.0,1.0,1.0,0.3607607691617148
53,53,frontend,8,2,2,6,4,3,2,adopted_customer,False,False,0.6666666666666666,0.6666666666666666,1.0,0.767,0.3607607691617148
54,54,integration,24,2,3,6,10,3,5,adopted_customer,False,False,1.0,1.0,1.0,1.0,0.13826057087921492
55,55,integration,24,2,3,8,7,4,3,adopted_customer,False,False,0.875,0.75,1.0,0.875,0.13826057087921492
56,56,integration,24,2,3,10,12,5,6,adopted_customer,False,False,1.0,1.0,1.0,1.0,0.13826057087921492
57,57,integration,24,2,3,6,10,3,5,adopted_customer,False,False,1.0,1.0,1.0,1.0,0.13826057087921492
58,58,integration,24,2,3,7,14,3,7,adopted_customer,False,False,1.0,1.0,1.0,1.0,0.13826057087921492
59,59,integration,24,2,3,7,10,3,5,adopted_customer,False,False,1.0,1.0,1.0,1.0,0.13826057087921492
60,60,integration,24,2,3,6,12,3,6,adopted_customer,False,False,1.0,1.0,1.0,1.0,0.13826057087921492
61,61,integration,24,2,3,5,15,2,7,adopted_customer,False,False,1.0,1.0,1.0,1.0,0.13826057087921492
62,62,integration,24,2,3,8,1,4,0,adopted_customer,False,False,0.125,0.0,1.0,0.35,0.13826057087921492
63,63,integration,24,2,3,6,14,3,7,adopted_customer,False,False,1.0,1.0,1.0,1.0,0.13826057087921492
64,64,integration,24,2,3,5,3,2,1,adopted_customer,False,False,0.6,0.5,1.0,0.69,0.13826057087921492
65,65,devops,23,2,5,6,15,3,7,adopted_customer,False,False,1.0,1.0,1.0,1.0,0.3838856910285482
66,66,devops,23,2,5,6,5,3,2,adopted_customer,False,False,0.8333333333333334,0.6666666666666666,1.0,0.833,0.3838856910285482
67,67,devops,23,2,5,7,3,3,1,adopted_customer,False,False,0.42857142857142855,0.3333333333333333,1.0,0.571,0.3838856910285482
68,68,devops,23,2,5,5,6,2,3,adopted_customer,False,False,1.0,1.0,1.0,1.0,0.3838856910285482
69,69,devops,23,2,5,6,10,3,5,adopted_customer,False,False,1.0,1.0,1.0,1.0,0.3838856910285482
70,70,devops,23,2,5,6,14,3,7,adopted_customer,False,False,1.0,1.0,1.0,1.0,0.3838856910285482
71,71,devops,23,2,5,8,12,4,6,adopted_customer,False,False,1.0,1.0,1.0,1.0,0.3838856910285482
72,72,devops,23,2,5,7,5,3,2,adopted_customer,False,False,0.7142857142857143,0.6666666666666666,1.0,0.786,0.3838856910285482
73,73,database,50,2,4,6,4,3,2,adopted_customer,False,False,0.6666666666666666,0.6666666666666666,1.0,0.767,0.5915143993433466
74,74,database,50,2,4,5,4,2,2,adopted_customer,False,False,0.8,1.0,1.0,0.92,0.5915143993433466
75,75,database,50,2,4,7,6,3,3,adopted_customer,False,False,0.8571428571428571,1.0,1.0,0.943,0.5915143993433466
76,76,database,50,2,4,6,3,3,1,adopted_customer,False,False,0.5,0.3333333333333333,1.0,0.6,0.5915143993433466
77,77,database,50,2,4,5,20,2,10,adopted_customer,False,False,1.0,1.0,1.0,1.0,0.5915143993433466
78,78,database,50,2,4,5,10,2,5,adopted_customer,False,False,1.0,1.0,1.0,1.0,0.5915143993433466
79,79,testing,32,2,8,7,10,3,5,adopted_customer,False,False,1.0,1.0,1.0,1.0,0.4807376669676135
80,80,testing,32,2,8,7,6,3,3,adopted_customer,False,False,0.8571428571428571,1.0,1.0,0.943,0.4807376669676135
81,81,testing,32,2,8,6,10,3,5,adopted_customer,False,False,1.0,1.0,1.0,1.0,0.4807376669676135
82,82,testing,32,2,8,6,9,3,4,adopted_customer,False,False,1.0,1.0,1.0,1.0,0.4807376669676135
83,83,testing,32,2,8,5,8,2,4,adopted_customer,False,False,1.0,1.0,1.0,1.0,0.4807376669676135
84,84,testing,32,2,8,5,2,2,1,adopted_customer,False,False,0.4,0.5,1.0,0.61,0.4807376669676135
85,85,backend,6,2,1,16,19,4,4,adopted_customer,False,False,1.0,1.0,1.0,1.0,0.35034211287861616
86,86,backend,6,2,1,18,16,4,4,adopted_customer,False,False,0.8888888888888888,1.0,1.0,0.956,0.35034211287861616
87,87,backend,6,2,1,14,15,3,3,adopted_customer,False,False,1.0,1.0,1.0,1.0,0.35034211287861616
88,88,backend,6,2,1,15,18,3,4,adopted_customer,False,False,1.0,1.0,1.0,1.0,0.35034211287861616
89,89,backend,6,2,1,12,13,3,3,adopted_customer,False,False,1.0,1.0,1.0,1.0,0.35034211287861616
90,90,backend,6,2,1,14,12,3,3,adopted_customer,False,False,0.8571428571428571,1.0,1.0,0.943,0.35034211287861616
91,91,backend,6,2,1,16,29,4,7,adopted_customer,False,False,1.0,1.0,1.0,1.0,0.35034211287861616
92,92,backend,6,2,1,18,6,4,1,adopted_customer,False,False,0.3333333333333333,0.25,1.0,0.508,0.35034211287861616
93,93,backend,6,2,1,15,20,3,5,adopted_customer,False,False,1.0,1.0,1.0,1.0,0.35034211287861616
94,94,backend,6,2,1,14,24,3,6,adopted_customer,False,False,1.0,1.0,1.0,1.0,0.35034211287861616
95,95,backend,6,2,1,13,11,3,2,adopted_customer,False,False,0.8461538461538461,0.6666666666666666,1.0,0.838,0.35034211287861616
96,96,backend,6,2,1,12,15,3,3,adopted_customer,False,False,1.0,1.0,1.0,1.0,0.35034211287861616
97,97,backend,6,2,1,14,28,3,7,adopted_customer,False,False,1.0,1.0,1.0,1.0,0.35034211287861616
98,98,backend,6,2,1,10,20,2,5,adopted_customer,False,False,1.0,1.0,1.0,1.0,0.35034211287861616
99,99,backend,6,2,1,16,24,4,6,adopted_customer,False,False,1.0,1.0,1.0,1.0,0.35034211287861616
100,100,frontend,8,2,2,15,20,3,5,adopted_customer,False,False,1.0,1.0,1.0,1.0,0.3607607691617148
101,101,frontend,8,2,2,18,20,4,5,adopted_customer,False,False,1.0,1.0,1.0,1.0,0.3607607691617148
102,102,frontend,8,2,2,14,41,3,10,adopted_customer,False,False,1.0,1.0,1.0,1.0,0.3607607691617148
103,103,frontend,8,2,2,15,23,3,5,adopted_customer,False,False,1.0,1.0,1.0,1.0,0.3607607691617148
104,104,frontend,8,2,2,13,14,3,3,adopted_customer,False,False,1.0,1.0,1.0,1.0,0.3607607691617148
105,105,frontend,8,2,2,14,8,3,2,adopted_customer,False,False,0.5714285714285714,0.6666666666666666,1.0,0.729,0.3607607691617148
106,106,frontend,8,2,2,17,6,4,1,adopted_customer,False,False,0.35294117647058826,0.25,1.0,0.516,0.3607607691617148
107,107,frontend,8,2,2,13,8,3,2,adopted_customer,False,False,0.6153846153846154,0.6666666666666666,1.0,0.746,0.3607607691617148
108,108,frontend,8,2,2,16,20,4,5,adopted_customer,False,False,1.0,1.0,1.0,1.0,0.3607607691617148
109,109,frontend,8,2,2,15,12,3,3,adopted_customer,False,False,0.8,1.0,1.0,0.92,0.3607607691617148
110,110,frontend,8,2,2,14,15,3,3,adopted_customer,False,False,1.0,1.0,1.0,1.0,0.3607607691617148
111,111,frontend,8,2,2,12,10,3,2,adopted_customer,False,False,0.8333333333333334,0.6666666666666666,1.0,0.833,0.3607607691617148
112,112,frontend,8,2,2,13,8,3,2,adopted_customer,False,False,0.6153846153846154,0.6666666666666666,1.0,0.746,0.3607607691617148
113,113,frontend,8,2,2,16,14,4,3,adopted_customer,False,False,0.875,0.75,1.0,0.875,0.3607607691617148
114,114,frontend,8,2,2,14,10,3,2,adopted_customer,False,False,0.7142857142857143,0.6666666666666666,1.0,0.786,0.3607607691617148
115,115,integration,24,2,3,15,13,3,3,adopted_customer,False,False,0.8666666666666667,1.0,1.0,0.947,0.13826057087921492
116,116,integration,24,2,3,17,15,4,3,adopted_customer,False,False,0.8823529411764706,0.75,1.0,0.878,0.13826057087921492
117,117,integration,24,2,3,14,17,3,4,adopted_customer,False,False,1.0,1.0,1.0,1.0,0.13826057087921492
118,118,integration,24,2,3,13,19,3,4,adopted_customer,False,False,1.0,1.0,1.0,1.0,0.13826057087921492
119,119,integration,24,2,3,14,10,3,2,adopted_customer,False,False,0.7142857142857143,0.6666666666666666,1.0,0.786,0.13826057087921492
120,120,integration,24,2,3,12,5,3,1,adopted_customer,False,False,0.4166666666666667,0.3333333333333333,1.0,0.567,0.13826057087921492
121,121,integration,24,2,3,15,10,3,2,adopted_customer,False,False,0.6666666666666666,0.6666666666666666,1.0,0.767,0.13826057087921492
122,122,integration,24,2,3,13,10,3,2,adopted_customer,False,False,0.7692307692307693,0.6666666666666666,1.0,0.808,0.13826057087921492
123,123,integration,24,2,3,14,34,3,8,adopted_customer,False,False,1.0,1.0,1.0,1.0,0.13826057087921492
124,124,integration,24,2,3,12,15,3,3,adopted_customer,False,False,1.0,1.0,1.0,1.0,0.13826057087921492
125,125,integration,24,2,3,13,10,3,2,adopted_customer,False,False,0.7692307692307693,0.6666666666666666,1.0,0.808,0.13826057087921492
126,126,integration,24,2,3,14,9,3,2,adopted_customer,False,False,0.6428571428571429,0.6666666666666666,1.0,0.757,0.13826057087921492
127,127,integration,24,2,3,15,10,3,2,adopted_customer,False,False,0.6666666666666666,0.6666666666666666,1.0,0.767,0.13826057087921492
128,128,integration,24,2,3,13,14,3,3,adopted_customer,False,False,1.0,1.0,1.0,1.0,0.13826057087921492
129,129,devops,23,2,5,15,13,3,3,adopted_customer,False,False,0.8666666666666667,1.0,1.0,0.947,0.3838856910285482
130,130,devops,23,2,5,16,14,4,3,adopted_customer,False,False,0.875,0.75,1.0,0.875,0.3838856910285482
131,131,devops,23,2,5,14,17,3,4,adopted_customer,False,False,1.0,1.0,1.0,1.0,0.3838856910285482
132,132,devops,23,2,5,13,12,3,3,adopted_customer,False,False,0.9230769230769231,1.0,1.0,0.969,0.3838856910285482
133,133,devops,23,2,5,15,13,3,3,adopted_customer,False,False,0.8666666666666667,1.0,1.0,0.947,0.3838856910285482
134,134,devops,23,2,5,16,8,4,2,adopted_customer,False,False,0.5,0.5,1.0,0.65,0.3838856910285482
135,135,devops,23,2,5,14,12,3,3,adopted_customer,False,False,0.8571428571428571,1.0,1.0,0.943,0.3838856910285482
136,136,devops,23,2,5,15,43,3,10,adopted_customer,False,False,1.0,1.0,1.0,1.0,0.3838856910285482
137,137,devops,23,2,5,13,11,3,2,adopted_customer,False,False,0.8461538461538461,0.6666666666666666,1.0,0.838,0.3838856910285482
138,138,devops,23,2,5,12,11,3,2,adopted_customer,False,False,0.9166666666666666,0.6666666666666666,1.0,0.867,0.3838856910285482
139,139,devops,23,2,5,14,20,3,5,adopted_customer,False,False,1.0,1.0,1.0,1.0,0.3838856910285482
140,140,devops,23,2,5,15,14,3,3,adopted_customer,False,False,0.9333333333333333,1.0,1.0,0.973,0.3838856910285482
141,141,devops,23,2,5,13,11,3,2,adopted_customer,False,False,0.8461538461538461,0.6666666666666666,1.0,0.838,0.3838856910285482
142,142,devops,23,2,5,14,25,3,6,adopted_customer,False,False,1.0,1.0,1.0,1.0,0.3838856910285482
143,143,database,50,2,4,15,2,3,0,adopted_customer,False,False,0.13333333333333333,0.0,1.0,0.353,0.5915143993433466
144,144,database,50,2,4,16,13,4,3,adopted_customer,False,False,0.8125,0.75,1.0,0.85,0.5915143993433466
145,145,database,50,2,4,14,16,3,4,adopted_customer,False,False,1.0,1.0,1.0,1.0,0.5915143993433466
146,146,database,50,2,4,13,3,3,0,adopted_customer,False,False,0.23076923076923078,0.0,1.0,0.392,0.5915143993433466
147,147,database,50,2,4,15,13,3,3,adopted_customer,False,False,0.8666666666666667,1.0,1.0,0.947,0.5915143993433466
148,148,database,50,2,4,16,2,4,0,adopted_customer,False,False,0.125,0.0,1.0,0.35,0.5915143993433466
149,149,database,50,2,4,14,12,3,3,adopted_customer,False,False,0.8571428571428571,1.0,1.0,0.943,0.5915143993433466
150,150,database,50,2,4,13,9,3,2,adopted_customer,False,False,0.6923076923076923,0.6666666666666666,1.0,0.777,0.5915143993433466
151,151,database,50,2,4,15,14,3,3,adopted_customer,False,False,0.9333333333333333,1.0,1.0,0.973,0.5915143993433466
152,152,database,50,2,4,12,19,3,4,adopted_customer,False,False,1.0,1.0,1.0,1.0,0.5915143993433466
153,153,database,50,2,4,14,13,3,3,adopted_customer,False,False,0.9285714285714286,1.0,1.0,0.971,0.5915143993433466
154,154,database,50,2,4,15,13,3,3,adopted_customer,False,False,0.8666666666666667,1.0,1.0,0.947,0.5915143993433466
155,155,database,50,2,4,14,20,3,5,adopted_customer,False,False,1.0,1.0,1.0,1.0,0.5915143993433466
156,156,database,50,2,4,13,12,3,3,adopted_customer,False,False,0.9230769230769231,1.0,1.0,0.969,0.5915143993433466
157,157,ml_ai,32,2,8,15,13,3,3,adopted_customer,False,False,0.8666666666666667,1.0,1.0,0.947,0.4807376669676135
158,158,ml_ai,32,2,8,16,14,4,3,adopted_customer,False,False,0.875,0.75,1.0,0.875,0.4807376669676135
159,159,ml_ai,32,2,8,14,12,3,3,adopted_customer,False,False,0.8571428571428571,1.0,1.0,0.943,0.4807376669676135
160,160,ml_ai,32,2,8,13,11,3,2,adopted_customer,False,False,0.8461538461538461,0.6666666666666666,1.0,0.838,0.4807376669676135
161,161,ml_ai,32,2,8,15,13,3,3,adopted_customer,False,False,0.8666666666666667,1.0,1.0,0.947,0.4807376669676135
162,162,ml_ai,32,2,8,16,19,4,4,adopted_customer,False,False,1.0,1.0,1.0,1.0,0.4807376669676135
163,163,ml_ai,32,2,8,14,12,3,3,adopted_customer,False,False,0.8571428571428571,1.0,1.0,0.943,0.4807376669676135
164,164,ml_ai,32,2,8,13,11,3,2,adopted_customer,False,False,0.8461538461538461,0.6666666666666666,1.0,0.838,0.4807376669676135
165,165,ml_ai,32,2,8,15,20,3,5,adopted_customer,False,False,1.0,1.0,1.0,1.0,0.4807376669676135
166,166,ml_ai,32,2,8,12,11,3,2,adopted_customer,False,False,0.9166666666666666,0.6666666666666666,1.0,0.867,0.4807376669676135
167,167,ml_ai,32,2,8,14,12,3,3,adopted_customer,False,False,0.8571428571428571,1.0,1.0,0.943,0.4807376669676135
168,168,ml_ai,32,2,8,15,24,3,6,adopted_customer,False,False,1.0,1.0,1.0,1.0,0.4807376669676135
169,169,ml_ai,32,2,8,13,12,3,3,adopted_customer,False,False,0.9230769230769231,1.0,1.0,0.969,0.4807376669676135
170,170,ml_ai,32,2,8,14,54,3,13,adopted_customer,False,False,1.0,1.0,1.0,1.0,0.4807376669676135
171,171,backend,6,2,1,16,34,8,17,adopted_customer,False,False,1.0,1.0,1.0,1.0,0.35034211287861616
172,172,backend,6,2,1,14,20,7,10,adopted_customer,False,False,1.0,1.0,1.0,1.0,0.35034211287861616
173,173,backend,6,2,1,15,21,7,10,adopted_customer,False,False,1.0,1.0,1.0,1.0,0.35034211287861616
174,174,backend,6,2,1,13,12,6,6,adopted_customer,False,False,0.9230769230769231,1.0,1.0,0.969,0.35034211287861616
175,175,backend,6,2,1,150,240,75,120,adopted_customer,False,False,1.0,1.0,1.0,1.0,0.35034211287861616
176,176,backend,6,2,1,14,16,7,8,adopted_customer,False,False,1.0,1.0,1.0,1.0,0.35034211287861616
177,177,backend,6,2,1,11,10,5,5,adopted_customer,False,False,0.9090909090909091,1.0,1.0,0.964,0.35034211287861616
178,178,backend,6,2,1,13,17,6,8,adopted_customer,False,False,1.0,1.0,1.0,1.0,0.35034211287861616
179,179,backend,6,2,1,12,11,6,5,adopted_customer,False,False,0.9166666666666666,0.8333333333333334,1.0,0.917,0.35034211287861616
180,180,backend,6,2,1,11,10,5,5,adopted_customer,False,False,0.9090909090909091,1.0,1.0,0.964,0.35034211287861616
181,181,backend,6,2,1,10,9,5,4,adopted_customer,False,False,0.9,0.8,1.0,0.9,0.35034211287861616
182,182,backend,6,2,1,12,11,6,5,adopted_customer,False,False,0.9166666666666666,0.8333333333333334,1.0,0.917,0.35034211287861616
183,183,frontend,8,2,2,150,134,75,67,adopted_customer,False,False,0.8933333333333333,0.8933333333333333,1.0,0.925,0.3607607691617148
184,184,frontend,8,2,2,13,20,6,10,adopted_customer,False,False,1.0,1.0,1.0,1.0,0.3607607691617148
185,185,frontend,8,2,2,15,25,7,12,adopted_customer,False,False,1.0,1.0,1.0,1.0,0.3607607691617148
186,186,frontend,8,2,2,12,12,6,6,adopted_customer,False,False,1.0,1.0,1.0,1.0,0.3607607691617148
187,187,frontend,8,2,2,12,34,6,17,adopted_customer,False,False,1.0,1.0,1.0,1.0,0.3607607691617148
188,188,frontend,8,2,2,13,20,6,10,adopted_customer,False,False,1.0,1.0,1.0,1.0,0.3607607691617148
189,189,frontend,8,2,2,11,10,5,5,adopted_customer,False,False,0.9090909090909091,1.0,1.0,0.964,0.3607607691617148
190,190,frontend,8,2,2,12,20,6,10,adopted_customer,False,False,1.0,1.0,1.0,1.0,0.3607607691617148
191,191,frontend,8,2,2,10,10,5,5,adopted_customer,False,False,1.0,1.0,1.0,1.0,0.3607607691617148
192,192,frontend,8,2,2,10,9,5,4,adopted_customer,False,False,0.9,0.8,1.0,0.9,0.3607607691617148
193,193,frontend,8,2,2,13,14,6,7,adopted_customer,False,False,1.0,1.0,1.0,1.0,0.3607607691617148
194,194,integration,24,2,3,14,10,7,5,adopted_customer,False,False,0.7142857142857143,0.7142857142857143,1.0,0.8,0.13826057087921492
195,195,integration,24,2,3,13,15,6,7,adopted_customer,False,False,1.0,1.0,1.0,1.0,0.13826057087921492
196,196,integration,24,2,3,12,11,6,5,adopted_customer,False,False,0.9166666666666666,0.8333333333333334,1.0,0.917,0.13826057087921492
197,197,integration,24,2,3,13,8,6,4,adopted_customer,False,False,0.6153846153846154,0.6666666666666666,1.0,0.746,0.13826057087921492
198,198,integration,24,2,3,11,10,5,5,adopted_customer,False,False,0.9090909090909091,1.0,1.0,0.964,0.13826057087921492
199,199,integration,24,2,3,14,14,7,7,adopted_customer,False,False,1.0,1.0,1.0,1.0,0.13826057087921492
200,200,integration,24,2,3,12,32,6,16,adopted_customer,False,False,1.0,1.0,1.0,1.0,0.13826057087921492
201,201,integration,24,2,3,10,9,5,4,adopted_customer,False,False,0.9,0.8,1.0,0.9,0.13826057087921492
202,202,integration,24,2,3,11,10,5,5,adopted_customer,False,False,0.9090909090909091,1.0,1.0,0.964,0.13826057087921492
203,203,integration,24,2,3,13,75,6,37,adopted_customer,False,False,1.0,1.0,1.0,1.0,0.13826057087921492
204,204,devops,23,2,5,14,16,7,8,adopted_customer,False,False,1.0,1.0,1.0,1.0,0.3838856910285482
205,205,devops,23,2,5,13,12,6,6,adopted_customer,False,False,0.9230769230769231,1.0,1.0,0.969,0.3838856910285482
206,206,devops,23,2,5,12,18,6,9,adopted_customer,False,False,1.0,1.0,1.0,1.0,0.3838856910285482
207,207,devops,23,2,5,15,14,7,7,adopted_customer,False,False,0.9333333333333333,1.0,1.0,0.973,0.3838856910285482
208,208,devops,23,2,5,12,22,6,11,adopted_customer,False,False,1.0,1.0,1.0,1.0,0.3838856910285482
209,209,devops,23,2,5,11,11,5,5,adopted_customer,False,False,1.0,1.0,1.0,1.0,0.3838856910285482
210,210,devops,23,2,5,13,12,6,6,adopted_customer,False,False,0.9230769230769231,1.0,1.0,0.969,0.3838856910285482
211,211,devops,23,2,5,14,13,7,6,adopted_customer,False,False,0.9285714285714286,0.8571428571428571,1.0,0.929,0.3838856910285482
212,212,devops,23,2,5,11,8,5,4,adopted_customer,False,False,0.7272727272727273,0.8,1.0,0.831,0.3838856910285482
213,213,devops,23,2,5,12,19,6,9,adopted_customer,False,False,1.0,1.0,1.0,1.0,0.3838856910285482
214,214,database,50,2,4,14,13,7,6,adopted_customer,False,False,0.9285714285714286,0.8571428571428571,1.0,0.929,0.5915143993433466
215,215,database,50,2,4,13,11,6,5,adopted_customer,False,False,0.8461538461538461,0.8333333333333334,1.0,0.888,0.5915143993433466
216,216,database,50,2,4,12,12,6,6,adopted_customer,False,False,1.0,1.0,1.0,1.0,0.5915143993433466
217,217,database,50,2,4,13,8,6,4,adopted_customer,False,False,0.6153846153846154,0.6666666666666666,1.0,0.746,0.5915143993433466
218,218,database,50,2,4,11,10,5,5,adopted_customer,False,False,0.9090909090909091,1.0,1.0,0.964,0.5915143993433466
219,219,database,50,2,4,12,11,6,5,adopted_customer,False,False,0.9166666666666666,0.8333333333333334,1.0,0.917,0.5915143993433466
220,220,database,50,2,4,11,10,5,5,adopted_customer,False,False,0.9090909090909091,1.0,1.0,0.964,0.5915143993433466
221,221,database,50,2,4,14,22,7,11,adopted_customer,False,False,1.0,1.0,1.0,1.0,0.5915143993433466
222,222,database,50,2,4,15,14,7,7,adopted_customer,False,False,0.9333333333333333,1.0,1.0,0.973,0.5915143993433466
223,223,database,50,2,4,13,34,6,17,adopted_customer,False,False,1.0,1.0,1.0,1.0,0.5915143993433466
224,224,ml_ai,15,2,6,15,13,7,6,adopted_customer,False,False,0.8666666666666667,0.8571428571428571,1.0,0.904,0.5514652014652014
225,225,ml_ai,15,2,6,16,14,8,7,adopted_customer,False,False,0.875,0.875,1.0,0.913,0.5514652014652014
226,226,ml_ai,15,2,6,14,20,7,10,adopted_customer,False,False,1.0,1.0,1.0,1.0,0.5514652014652014
227,227,ml_ai,15,2,6,13,11,6,5,adopted_customer,False,False,0.8461538461538461,0.8333333333333334,1.0,0.888,0.5514652014652014
228,228,ml_ai,15,2,6,15,13,7,6,adopted_customer,False,False,0.8666666666666667,0.8571428571428571,1.0,0.904,0.5514652014652014
229,229,ml_ai,15,2,6,16,40,8,20,adopted_customer,False,False,1.0,1.0,1.0,1.0,0.5514652014652014
230,230,ml_ai,15,2,6,14,12,7,6,adopted_customer,False,False,0.8571428571428571,0.8571428571428571,1.0,0.9,0.5514652014652014
231,231,ml_ai,15,2,6,13,17,6,8,adopted_customer,False,False,1.0,1.0,1.0,1.0,0.5514652014652014
232,232,ml_ai,15,2,6,15,14,7,7,adopted_customer,False,False,0.9333333333333333,1.0,1.0,0.973,0.5514652014652014
233,233,ml_ai,15,2,6,12,18,6,9,adopted_customer,False,False,1.0,1.0,1.0,1.0,0.5514652014652014
234,234,ml_ai,15,2,6,14,12,7,6,adopted_customer,False,False,0.8571428571428571,0.8571428571428571,1.0,0.9,0.5514652014652014
235,235,ml_ai,15,2,6,15,8,7,4,adopted_customer,False,False,0.5333333333333333,0.5714285714285714,1.0,0.685,0.5514652014652014
236,236,ml_ai,15,2,6,13,12,6,6,adopted_customer,False,False,0.9230769230769231,1.0,1.0,0.969,0.5514652014652014
237,237,ml_ai,15,2,6,14,20,7,10,adopted_customer,False,False,1.0,1.0,1.0,1.0,0.5514652014652014
238,238,documentation,53,2,10,14,13,7,6,adopted_customer,False,False,0.9285714285714286,0.8571428571428571,1.0,0.929,0.29578388363554603
239,239,documentation,53,2,10,13,12,6,6,adopted_customer,False,False,0.9230769230769231,1.0,1.0,0.969,0.29578388363554603
240,240,documentation,53,2,10,22,32,11,16,adopted_customer,False,False,1.0,1.0,1.0,1.0,0.29578388363554603
241,241,documentation,53,2,10,13,32,6,16,adopted_customer,False,False,1.0,1.0,1.0,1.0,0.29578388363554603
242,242,documentation,53,2,10,11,5,5,2,adopted_customer,False,False,0.45454545454545453,0.4,1.0,0.602,0.29578388363554603
243,243,documentation,53,2,10,20,39,10,19,adopted_customer,False,False,1.0,1.0,1.0,1.0,0.29578388363554603
244,244,documentation,53,2,10,12,21,6,10,adopted_customer,False,False,1.0,1.0,1.0,1.0,0.29578388363554603
245,245,documentation,53,2,10,11,11,5,5,adopted_customer,False,False,1.0,1.0,1.0,1.0,0.29578388363554603
246,246,documentation,53,2,10,42,51,21,25,adopted_customer,False,False,1.0,1.0,1.0,1.0,0.29578388363554603
247,247,documentation,53,2,10,23,32,11,16,adopted_customer,False,False,1.0,1.0,1.0,1.0,0.29578388363554603
248,248,ux_ui,34,2,9,34,33,17,16,adopted_customer,False,False,0.9705882352941176,0.9411764705882353,1.0,0.971,0.5496794177272486
249,249,ux_ui,34,2,9,33,31,16,15,adopted_customer,False,False,0.9393939393939394,0.9375,1.0,0.957,0.5496794177272486
250,250,ux_ui,34,2,9,32,32,16,16,adopted_customer,False,False,1.0,1.0,1.0,1.0,0.5496794177272486
251,251,ux_ui,34,2,9,13,12,6,6,adopted_customer,False,False,0.9230769230769231,1.0,1.0,0.969,0.5496794177272486
252,252,ux_ui,34,2,9,31,30,15,15,adopted_customer,False,False,0.967741935483871,1.0,1.0,0.987,0.5496794177272486
253,253,ux_ui,34,2,9,32,32,16,16,adopted_customer,False,False,1.0,1.0,1.0,1.0,0.5496794177272486
254,254,ux_ui,34,2,9,31,30,15,15,adopted_customer,False,False,0.967741935483871,1.0,1.0,0.987,0.5496794177272486
255,255,ux_ui,34,2,9,30,3,15,1,adopted_customer,False,False,0.1,0.06666666666666667,1.0,0.36,0.5496794177272486
256,256,ux_ui,34,2,9,31,30,15,15,adopted_customer,False,False,0.967741935483871,1.0,1.0,0.987,0.5496794177272486
257,257,ux_ui,34,2,9,32,31,16,15,adopted_customer,False,False,0.96875,0.9375,1.0,0.969,0.5496794177272486
258,258,testing,32,2,8,34,35,17,17,adopted_customer,False,False,1.0,1.0,1.0,1.0,0.4807376669676135
259,259,testing,32,2,8,33,33,16,16,adopted_customer,False,False,1.0,1.0,1.0,1.0,0.4807376669676135
260,260,testing,32,2,8,35,34,17,17,adopted_customer,False,False,0.9714285714285714,1.0,1.0,0.989,0.4807376669676135
261,261,testing,32,2,8,32,38,16,19,adopted_customer,False,False,1.0,1.0,1.0,1.0,0.4807376669676135
262,262,testing,32,2,8,31,31,15,15,adopted_customer,False,False,1.0,1.0,1.0,1.0,0.4807376669676135
263,263,testing,32,2,8,33,32,16,16,adopted_customer,False,False,0.9696969696969697,1.0,1.0,0.988,0.4807376669676135
264,264,testing,32,2,8,30,23,15,11,adopted_customer,False,False,0.7666666666666667,0.7333333333333333,1.0,0.827,0.4807376669676135
265,265,testing,32,2,8,32,31,16,15,adopted_customer,False,False,0.96875,0.9375,1.0,0.969,0.4807376669676135
266,266,testing,32,2,8,33,37,16,18,adopted_customer,False,False,1.0,1.0,1.0,1.0,0.4807376669676135
267,267,testing,32,2,8,34,36,17,18,adopted_customer,False,False,1.0,1.0,1.0,1.0,0.4807376669676135
268,268,backend,6,2,1,48,46,24,23,adopted_customer,False,False,0.9583333333333334,0.9583333333333334,1.0,0.971,0.35034211287861616
269,269,backend,6,2,1,152,239,76,119,adopted_customer,False,False,1.0,1.0,1.0,1.0,0.35034211287861616
270,270,backend,6,2,1,35,38,17,19,adopted_customer,False,False,1.0,1.0,1.0,1.0,0.35034211287861616
271,271,backend,6,2,1,28,26,14,13,adopted_customer,False,False,0.9285714285714286,0.9285714285714286,1.0,0.95,0.35034211287861616
272,272,backend,6,2,1,24,23,12,11,adopted_customer,False,False,0.9583333333333334,0.9166666666666666,1.0,0.958,0.35034211287861616
273,273,backend,6,2,1,32,35,16,17,adopted_customer,False,False,1.0,1.0,1.0,1.0,0.35034211287861616
274,274,backend,6,2,1,30,29,15,14,adopted_customer,False,False,0.9666666666666667,0.9333333333333333,1.0,0.967,0.35034211287861616
275,275,backend,6,2,1,26,24,13,12,adopted_customer,False,False,0.9230769230769231,0.9230769230769231,1.0,0.946,0.35034211287861616
276,276,backend,6,2,1,38,38,19,19,adopted_customer,False,False,1.0,1.0,1.0,1.0,0.35034211287861616
277,277,backend,6,2,1,20,18,10,9,adopted_customer,False,False,0.9,0.9,1.0,0.93,0.35034211287861616
278,278,frontend,8,2,2,50,67,25,33,adopted_customer,False,False,1.0,1.0,1.0,1.0,0.3607607691617148
279,279,frontend,8,2,2,42,40,21,20,adopted_customer,False,False,0.9523809523809523,0.9523809523809523,1.0,0.967,0.3607607691617148
280,280,frontend,8,2,2,38,36,19,18,adopted_customer,False,False,0.9473684210526315,0.9473684210526315,1.0,0.963,0.3607607691617148
281,281,frontend,8,2,2,35,23,17,11,adopted_customer,False,False,0.6571428571428571,0.6470588235294118,1.0,0.757,0.3607607691617148
282,282,frontend,8,2,2,30,27,15,13,adopted_customer,False,False,0.9,0.8666666666666667,1.0,0.92,0.3607607691617148
283,283,frontend,8,2,2,26,24,13,12,adopted_customer,False,False,0.9230769230769231,0.9230769230769231,1.0,0.946,0.3607607691617148
284,284,frontend,8,2,2,28,40,14,20,adopted_customer,False,False,1.0,1.0,1.0,1.0,0.3607607691617148
285,285,frontend,8,2,2,24,21,12,10,adopted_customer,False,False,0.875,0.8333333333333334,1.0,0.9,0.3607607691617148
286,286,integration,24,2,3,44,46,22,23,adopted_customer,False,False,1.0,1.0,1.0,1.0,0.13826057087921492
287,287,integration,24,2,3,36,34,18,17,adopted_customer,False,False,0.9444444444444444,0.9444444444444444,1.0,0.961,0.13826057087921492
288,288,integration,24,2,3,40,48,20,24,adopted_customer,False,False,1.0,1.0,1.0,1.0,0.13826057087921492
289,289,integration,24,2,3,30,58,15,29,adopted_customer,False,False,1.0,1.0,1.0,1.0,0.13826057087921492
290,290,integration,24,2,3,26,35,13,17,adopted_customer,False,False,1.0,1.0,1.0,1.0,0.13826057087921492
291,291,integration,24,2,3,22,20,11,10,adopted_customer,False,False,0.9090909090909091,0.9090909090909091,1.0,0.936,0.13826057087921492
292,292,integration,24,2,3,24,33,12,16,adopted_customer,False,False,1.0,1.0,1.0,1.0,0.13826057087921492
293,293,database,50,2,4,48,45,24,22,adopted_customer,False,False,0.9375,0.9166666666666666,1.0,0.95,0.5915143993433466
294,294,database,50,2,4,40,38,20,19,adopted_customer,False,False,0.95,0.95,1.0,0.965,0.5915143993433466
295,295,database,50,2,4,30,28,15,14,adopted_customer,False,False,0.9333333333333333,0.9333333333333333,1.0,0.953,0.5915143993433466
296,296,database,50,2,4,28,36,14,18,adopted_customer,False,False,1.0,1.0,1.0,1.0,0.5915143993433466
297,297,database,50,2,4,24,23,12,11,adopted_customer,False,False,0.9583333333333334,0.9166666666666666,1.0,0.958,0.5915143993433466
298,298,database,50,2,4,26,25,13,12,adopted_customer,False,False,0.9615384615384616,0.9230769230769231,1.0,0.962,0.5915143993433466
299,299,database,50,2,4,22,21,11,10,adopted_customer,False,False,0.9545454545454546,0.9090909090909091,1.0,0.955,0.5915143993433466
300,300,database,50,2,4,30,29,15,14,adopted_customer,False,False,0.9666666666666667,0.9333333333333333,1.0,0.967,0.5915143993433466
301,301,devops,23,2,5,46,44,23,22,adopted_customer,False,False,0.9565217391304348,0.9565217391304348,1.0,0.97,0.3838856910285482
302,302,devops,23,2,5,42,39,21,19,adopted_customer,False,False,0.9285714285714286,0.9047619047619048,1.0,0.943,0.3838856910285482
303,303,devops,23,2,5,35,33,17,16,adopted_customer,False,False,0.9428571428571428,0.9411764705882353,1.0,0.959,0.3838856910285482
304,304,devops,23,2,5,38,36,19,18,adopted_customer,False,False,0.9473684210526315,0.9473684210526315,1.0,0.963,0.3838856910285482
305,305,devops,23,2,5,30,29,15,14,adopted_customer,False,False,0.9666666666666667,0.9333333333333333,1.0,0.967,0.3838856910285482
306,306,devops,23,2,5,28,26,14,13,adopted_customer,False,False,0.9285714285714286,0.9285714285714286,1.0,0.95,0.3838856910285482
307,307,ml_ai,15,2,6,34,32,17,16,adopted_customer,False,False,0.9411764705882353,0.9411764705882353,1.0,0.959,0.5514652014652014
308,308,ml_ai,15,2,6,40,37,20,18,adopted_customer,False,False,0.925,0.9,1.0,0.94,0.5514652014652014
309,309,ml_ai,15,2,6,32,29,16,14,adopted_customer,False,False,0.90625,0.875,1.0,0.925,0.5514652014652014
310,310,ml_ai,15,2,6,30,38,15,19,adopted_customer,False,False,1.0,1.0,1.0,1.0,0.5514652014652014
311,311,ml_ai,15,2,6,26,24,13,12,adopted_customer,False,False,0.9230769230769231,0.9230769230769231,1.0,0.946,0.5514652014652014
312,312,ml_ai,15,2,6,24,32,12,16,adopted_customer,False,False,1.0,1.0,1.0,1.0,0.5514652014652014
313,313,mobile,2,2,7,48,45,24,22,adopted_customer,False,False,0.9375,0.9166666666666666,1.0,0.95,0.8444444444444444
314,314,mobile,2,2,7,40,37,20,18,adopted_customer,False,False,0.925,0.9,1.0,0.94,0.8444444444444444
315,315,mobile,2,2,7,36,34,18,17,adopted_customer,False,False,0.9444444444444444,0.9444444444444444,1.0,0.961,0.8444444444444444
316,316,mobile,2,2,7,28,25,14,12,adopted_customer,False,False,0.8928571428571429,0.8571428571428571,1.0,0.914,0.8444444444444444
317,317,mobile,2,2,7,30,28,15,14,adopted_customer,False,False,0.9333333333333333,0.9333333333333333,1.0,0.953,0.8444444444444444
318,318,testing,32,2,8,35,42,17,21,adopted_customer,False,False,1.0,1.0,1.0,1.0,0.4807376669676135
319,319,testing,32,2,8,38,36,19,18,adopted_customer,False,False,0.9473684210526315,0.9473684210526315,1.0,0.963,0.4807376669676135
320,320,testing,32,2,8,28,36,14,18,adopted_customer,False,False,1.0,1.0,1.0,1.0,0.4807376669676135
321,321,testing,32,2,8,30,28,15,14,adopted_customer,False,False,0.9333333333333333,0.9333333333333333,1.0,0.953,0.4807376669676135
322,322,testing,32,2,8,24,43,12,21,adopted_customer,False,False,1.0,1.0,1.0,1.0,0.4807376669676135
323,323,ux_ui,34,2,9,42,40,21,20,adopted_customer,False,False,0.9523809523809523,0.9523809523809523,1.0,0.967,0.5496794177272486
324,324,ux_ui,34,2,9,36,34,18,17,adopted_customer,False,False,0.9444444444444444,0.9444444444444444,1.0,0.961,0.5496794177272486
325,325,ux_ui,34,2,9,30,48,15,24,adopted_customer,False,False,1.0,1.0,1.0,1.0,0.5496794177272486
326,326,ux_ui,34,2,9,28,45,14,22,adopted_customer,False,False,1.0,1.0,1.0,1.0,0.5496794177272486
327,327,ux_ui,34,2,9,32,30,16,15,adopted_customer,False,False,0.9375,0.9375,1.0,0.956,0.5496794177272486
328,328,documentation,53,2,10,24,42,12,21,adopted_customer,False,False,1.0,1.0,1.0,1.0,0.29578388363554603
329,329,documentation,53,2,10,20,18,10,9,adopted_customer,False,False,0.9,0.9,1.0,0.93,0.29578388363554603
330,330,documentation,53,2,10,18,17,9,8,adopted_customer,False,False,0.9444444444444444,0.8888888888888888,1.0,0.944,0.29578388363554603
331,331,documentation,53,2,10,22,21,11,10,adopted_customer,False,False,0.9545454545454546,0.9090909090909091,1.0,0.955,0.29578388363554603
332,332,architecture,44,2,11,46,44,23,22,adopted_customer,False,False,0.9565217391304348,0.9565217391304348,1.0,0.97,0.5452380952380952
333,333,architecture,44,2,11,40,38,20,19,adopted_customer,False,False,0.95,0.95,1.0,0.965,0.5452380952380952
334,334,architecture,44,2,11,36,45,18,22,adopted_customer,False,False,1.0,1.0,1.0,1.0,0.5452380952380952
335,335,architecture,44,2,11,28,26,14,13,adopted_customer,False,False,0.9285714285714286,0.9285714285714286,1.0,0.95,0.5452380952380952
336,336,backend,6,2,1,145,173,72,86,adopted_customer,False,False,1.0,1.0,1.0,1.0,0.35034211287861616
337,337,backend,6,2,1,38,35,19,17,adopted_customer,False,False,0.9210526315789473,0.8947368421052632,1.0,0.937,0.35034211287861616
338,338,backend,6,2,1,28,26,14,13,adopted_customer,False,False,0.9285714285714286,0.9285714285714286,1.0,0.95,0.35034211287861616
339,339,backend,6,2,1,35,13,17,6,adopted_customer,False,False,0.37142857142857144,0.35294117647058826,1.0,0.554,0.35034211287861616
340,340,backend,6,2,1,40,37,20,18,adopted_customer,False,False,0.925,0.9,1.0,0.94,0.35034211287861616
341,341,backend,6,2,1,30,28,15,14,adopted_customer,False,False,0.9333333333333333,0.9333333333333333,1.0,0.953,0.35034211287861616
342,342,backend,6,2,1,25,22,12,11,adopted_customer,False,False,0.88,0.9166666666666666,1.0,0.927,0.35034211287861616
343,343,backend,6,2,1,18,27,9,13,adopted_customer,False,False,1.0,1.0,1.0,1.0,0.35034211287861616
344,344,backend,6,2,1,32,31,16,15,adopted_customer,False,False,0.96875,0.9375,1.0,0.969,0.35034211287861616
345,345,frontend,8,2,2,140,248,70,124,adopted_customer,False,False,1.0,1.0,1.0,1.0,0.3607607691617148
346,346,frontend,8,2,2,36,33,18,16,adopted_customer,False,False,0.9166666666666666,0.8888888888888888,1.0,0.933,0.3607607691617148
347,347,frontend,8,2,2,26,25,13,12,adopted_customer,False,False,0.9615384615384616,0.9230769230769231,1.0,0.962,0.3607607691617148
348,348,frontend,8,2,2,20,49,10,24,adopted_customer,False,False,1.0,1.0,1.0,1.0,0.3607607691617148
349,349,frontend,8,2,2,22,21,11,10,adopted_customer,False,False,0.9545454545454546,0.9090909090909091,1.0,0.955,0.3607607691617148
350,350,frontend,8,2,2,28,26,14,13,adopted_customer,False,False,0.9285714285714286,0.9285714285714286,1.0,0.95,0.3607607691617148
351,351,frontend,8,2,2,34,42,17,21,adopted_customer,False,False,1.0,1.0,1.0,1.0,0.3607607691617148
352,352,frontend,8,2,2,24,43,12,21,adopted_customer,False,False,1.0,1.0,1.0,1.0,0.3607607691617148
353,353,integration,24,2,3,36,34,18,17,adopted_customer,False,False,0.9444444444444444,0.9444444444444444,1.0,0.961,0.13826057087921492
354,354,integration,24,2,3,32,31,16,15,adopted_customer,False,False,0.96875,0.9375,1.0,0.969,0.13826057087921492
355,355,integration,24,2,3,30,28,15,14,adopted_customer,False,False,0.9333333333333333,0.9333333333333333,1.0,0.953,0.13826057087921492
356,356,integration,24,2,3,20,49,10,24,adopted_customer,False,False,1.0,1.0,1.0,1.0,0.13826057087921492
357,357,integration,24,2,3,25,24,12,12,adopted_customer,False,False,0.96,1.0,1.0,0.984,0.13826057087921492
358,358,integration,24,2,3,26,24,13,12,adopted_customer,False,False,0.9230769230769231,0.9230769230769231,1.0,0.946,0.13826057087921492
359,359,database,50,2,4,34,33,17,16,adopted_customer,False,False,0.9705882352941176,0.9411764705882353,1.0,0.971,0.5915143993433466
360,360,database,50,2,4,28,36,14,18,adopted_customer,False,False,1.0,1.0,1.0,1.0,0.5915143993433466
361,361,database,50,2,4,24,32,12,16,adopted_customer,False,False,1.0,1.0,1.0,1.0,0.5915143993433466
362,362,database,50,2,4,22,20,11,10,adopted_customer,False,False,0.9090909090909091,0.9090909090909091,1.0,0.936,0.5915143993433466
363,363,database,50,2,4,18,17,9,8,adopted_customer,False,False,0.9444444444444444,0.8888888888888888,1.0,0.944,0.5915143993433466
364,364,database,50,2,4,26,24,13,12,adopted_customer,False,False,0.9230769230769231,0.9230769230769231,1.0,0.946,0.5915143993433466
365,365,devops,23,2,5,36,34,18,17,adopted_customer,False,False,0.9444444444444444,0.9444444444444444,1.0,0.961,0.3838856910285482
366,366,devops,23,2,5,30,38,15,19,adopted_customer,False,False,1.0,1.0,1.0,1.0,0.3838856910285482
367,367,devops,23,2,5,26,24,13,12,adopted_customer,False,False,0.9230769230769231,0.9230769230769231,1.0,0.946,0.3838856910285482
368,368,devops,23,2,5,24,22,12,11,adopted_customer,False,False,0.9166666666666666,0.9166666666666666,1.0,0.942,0.3838856910285482
369,369,devops,23,2,5,22,31,11,15,adopted_customer,False,False,1.0,1.0,1.0,1.0,0.3838856910285482
370,370,ml_ai,15,2,6,30,28,15,14,adopted_customer,False,False,0.9333333333333333,0.9333333333333333,1.0,0.953,0.5514652014652014
371,371,ml_ai,15,2,6,26,25,13,12,adopted_customer,False,False,0.9615384615384616,0.9230769230769231,1.0,0.962,0.5514652014652014
372,372,ml_ai,15,2,6,34,22,17,11,adopted_customer,False,False,0.6470588235294118,0.6470588235294118,1.0,0.753,0.5514652014652014
373,373,ml_ai,15,2,6,22,21,11,10,adopted_customer,False,False,0.9545454545454546,0.9090909090909091,1.0,0.955,0.5514652014652014
374,374,mobile,2,2,7,40,38,20,19,adopted_customer,False,False,0.95,0.95,1.0,0.965,0.8444444444444444
375,375,mobile,2,2,7,22,21,11,10,adopted_customer,False,False,0.9545454545454546,0.9090909090909091,1.0,0.955,0.8444444444444444
376,376,mobile,2,2,7,18,17,9,8,adopted_customer,False,False,0.9444444444444444,0.8888888888888888,1.0,0.944,0.8444444444444444
377,377,mobile,2,2,7,20,28,10,14,adopted_customer,False,False,1.0,1.0,1.0,1.0,0.8444444444444444
378,378,testing,32,2,8,126,124,63,62,adopted_customer,False,False,0.9841269841269841,0.9841269841269841,1.0,0.989,0.4807376669676135
379,379,testing,32,2,8,24,22,12,11,adopted_customer,False,False,0.9166666666666666,0.9166666666666666,1.0,0.942,0.4807376669676135
380,380,testing,32,2,8,20,18,10,9,adopted_customer,False,False,0.9,0.9,1.0,0.93,0.4807376669676135
381,381,testing,32,2,8,22,5,11,2,adopted_customer,False,False,0.22727272727272727,0.18181818181818182,1.0,0.445,0.4807376669676135
382,382,ux_ui,34,2,9,28,26,14,13,adopted_customer,False,False,0.9285714285714286,0.9285714285714286,1.0,0.95,0.5496794177272486
383,383,ux_ui,34,2,9,24,22,12,11,adopted_customer,False,False,0.9166666666666666,0.9166666666666666,1.0,0.942,0.5496794177272486
384,384,ux_ui,34,2,9,29,40,14,20,adopted_customer,False,False,1.0,1.0,1.0,1.0,0.5496794177272486
385,385,ux_ui,34,2,9,20,19,10,9,adopted_customer,False,False,0.95,0.9,1.0,0.95,0.5496794177272486
386,386,documentation,53,2,10,18,17,9,8,adopted_customer,False,False,0.9444444444444444,0.8888888888888888,1.0,0.944,0.29578388363554603
387,387,documentation,53,2,10,20,18,10,9,adopted_customer,False,False,0.9,0.9,1.0,0.93,0.29578388363554603
388,388,documentation,53,2,10,22,21,11,10,adopted_customer,False,False,0.9545454545454546,0.9090909090909091,1.0,0.955,0.29578388363554603
389,389,architecture,44,2,11,40,38,20,19,adopted_customer,False,False,0.95,0.95,1.0,0.965,0.5452380952380952
390,390,architecture,44,2,11,38,35,19,17,adopted_customer,False,False,0.9210526315789473,0.8947368421052632,1.0,0.937,0.5452380952380952
391,391,architecture,44,2,11,30,58,15,29,adopted_customer,False,False,1.0,1.0,1.0,1.0,0.5452380952380952
392,392,backend,6,2,1,42,71,21,35,adopted_customer,False,False,1.0,1.0,1.0,1.0,0.35034211287861616
393,393,backend,6,2,1,40,38,20,19,adopted_customer,False,False,0.95,0.95,1.0,0.965,0.35034211287861616
394,394,backend,6,2,1,38,37,19,18,adopted_customer,False,False,0.9736842105263158,0.9473684210526315,1.0,0.974,0.35034211287861616
395,395,backend,6,2,1,45,43,22,21,adopted_customer,False,False,0.9555555555555556,0.9545454545454546,1.0,0.969,0.35034211287861616
396,396,backend,6,2,1,36,34,18,17,adopted_customer,False,False,0.9444444444444444,0.9444444444444444,1.0,0.961,0.35034211287861616
397,397,backend,6,2,1,32,30,16,15,adopted_customer,False,False,0.9375,0.9375,1.0,0.956,0.35034211287861616
398,398,backend,6,2,1,34,32,17,16,adopted_customer,False,False,0.9411764705882353,0.9411764705882353,1.0,0.959,0.35034211287861616
399,399,backend,6,2,1,28,26,14,13,adopted_customer,False,False,0.9285714285714286,0.9285714285714286,1.0,0.95,0.35034211287861616
400,400,backend,6,2,1,26,25,13,12,adopted_customer,False,False,0.9615384615384616,0.9230769230769231,1.0,0.962,0.35034211287861616
401,401,backend,6,2,1,22,21,11,10,adopted_customer,False,False,0.9545454545454546,0.9090909090909091,1.0,0.955,0.35034211287861616
402,402,backend,6,2,1,33,32,16,16,adopted_customer,False,False,0.9696969696969697,1.0,1.0,0.988,0.35034211287861616
403,403,backend,6,2,1,40,39,20,19,adopted_customer,False,False,0.975,0.95,1.0,0.975,0.35034211287861616
404,404,backend,6,2,1,35,33,17,16,adopted_customer,False,False,0.9428571428571428,0.9411764705882353,1.0,0.959,0.35034211287861616
405,405,backend,6,2,1,31,29,15,14,adopted_customer,False,False,0.9354838709677419,0.9333333333333333,1.0,0.954,0.35034211287861616
406,406,backend,6,2,1,29,127,14,63,adopted_customer,False,False,1.0,1.0,1.0,1.0,0.35034211287861616
407,407,backend,6,2,1,25,23,12,11,adopted_customer,False,False,0.92,0.9166666666666666,1.0,0.943,0.35034211287861616
408,408,frontend,8,2,2,140,38,70,19,adopted_customer,False,False,0.2714285714285714,0.2714285714285714,1.0,0.49,0.3607607691617148
409,409,frontend,8,2,2,36,44,18,22,adopted_customer,False,False,1.0,1.0,1.0,1.0,0.3607607691617148
410,410,frontend,8,2,2,28,27,14,13,adopted_customer,False,False,0.9642857142857143,0.9285714285714286,1.0,0.964,0.3607607691617148
411,411,frontend,8,2,2,24,43,12,21,adopted_customer,False,False,1.0,1.0,1.0,1.0,0.3607607691617148
412,412,frontend,8,2,2,30,29,15,14,adopted_customer,False,False,0.9666666666666667,0.9333333333333333,1.0,0.967,0.3607607691617148
413,413,frontend,8,2,2,26,35,13,17,adopted_customer,False,False,1.0,1.0,1.0,1.0,0.3607607691617148
414,414,frontend,8,2,2,22,21,11,10,adopted_customer,False,False,0.9545454545454546,0.9090909090909091,1.0,0.955,0.3607607691617148
415,415,frontend,8,2,2,120,169,60,84,adopted_customer,False,False,1.0,1.0,1.0,1.0,0.3607607691617148
416,416,frontend,8,2,2,34,33,17,16,adopted_customer,False,False,0.9705882352941176,0.9411764705882353,1.0,0.971,0.3607607691617148
417,417,frontend,8,2,2,28,36,14,18,adopted_customer,False,False,1.0,1.0,1.0,1.0,0.3607607691617148
418,418,frontend,8,2,2,18,17,9,8,adopted_customer,False,False,0.9444444444444444,0.8888888888888888,1.0,0.944,0.3607607691617148
419,419,frontend,8,2,2,23,32,11,16,adopted_customer,False,False,1.0,1.0,1.0,1.0,0.3607607691617148
420,420,frontend,8,2,2,219,118,109,59,adopted_customer,False,False,0.5388127853881278,0.5412844036697247,1.0,0.678,0.3607607691617148
421,421,frontend,8,2,2,25,24,12,12,adopted_customer,False,False,0.96,1.0,1.0,0.984,0.3607607691617148
422,422,frontend,8,2,2,27,46,13,23,adopted_customer,False,False,1.0,1.0,1.0,1.0,0.3607607691617148
423,423,frontend,8,2,2,32,30,16,15,adopted_customer,False,False,0.9375,0.9375,1.0,0.956,0.3607607691617148
424,424,frontend,8,2,2,21,20,10,10,adopted_customer,False,False,0.9523809523809523,1.0,1.0,0.981,0.3607607691617148
425,425,integration,24,2,3,40,70,20,35,adopted_customer,False,False,1.0,1.0,1.0,1.0,0.13826057087921492
426,426,integration,24,2,3,34,33,17,16,adopted_customer,False,False,0.9705882352941176,0.9411764705882353,1.0,0.971,0.13826057087921492
427,427,integration,24,2,3,32,30,16,15,adopted_customer,False,False,0.9375,0.9375,1.0,0.956,0.13826057087921492
428,428,integration,24,2,3,30,28,15,14,adopted_customer,False,False,0.9333333333333333,0.9333333333333333,1.0,0.953,0.13826057087921492
429,429,integration,24,2,3,26,24,13,12,adopted_customer,False,False,0.9230769230769231,0.9230769230769231,1.0,0.946,0.13826057087921492
430,430,integration,24,2,3,22,21,11,10,adopted_customer,False,False,0.9545454545454546,0.9090909090909091,1.0,0.955,0.13826057087921492
431,431,integration,24,2,3,24,93,12,46,adopted_customer,False,False,1.0,1.0,1.0,1.0,0.13826057087921492
432,432,integration,24,2,3,18,17,9,8,adopted_customer,False,False,0.9444444444444444,0.8888888888888888,1.0,0.944,0.13826057087921492
433,433,database,50,2,4,38,36,19,18,adopted_customer,False,False,0.9473684210526315,0.9473684210526315,1.0,0.963,0.5915143993433466
434,434,database,50,2,4,32,30,16,15,adopted_customer,False,False,0.9375,0.9375,1.0,0.956,0.5915143993433466
435,435,database,50,2,4,28,27,14,13,adopted_customer,False,False,0.9642857142857143,0.9285714285714286,1.0,0.964,0.5915143993433466
436,436,database,50,2,4,26,25,13,12,adopted_customer,False,False,0.9615384615384616,0.9230769230769231,1.0,0.962,0.5915143993433466
437,437,database,50,2,4,22,21,11,10,adopted_customer,False,False,0.9545454545454546,0.9090909090909091,1.0,0.955,0.5915143993433466
438,438,database,50,2,4,24,52,12,26,adopted_customer,False,False,1.0,1.0,1.0,1.0,0.5915143993433466
439,439,database,50,2,4,20,19,10,9,adopted_customer,False,False,0.95,0.9,1.0,0.95,0.5915143993433466
440,440,database,50,2,4,25,23,12,11,adopted_customer,False,False,0.92,0.9166666666666666,1.0,0.943,0.5915143993433466
441,441,devops,23,2,5,36,34,18,17,adopted_customer,False,False,0.9444444444444444,0.9444444444444444,1.0,0.961,0.3838856910285482
442,442,devops,23,2,5,30,48,15,24,adopted_customer,False,False,1.0,1.0,1.0,1.0,0.3838856910285482
443,443,devops,23,2,5,28,26,14,13,adopted_customer,False,False,0.9285714285714286,0.9285714285714286,1.0,0.95,0.3838856910285482
444,444,devops,23,2,5,24,23,12,11,adopted_customer,False,False,0.9583333333333334,0.9166666666666666,1.0,0.958,0.3838856910285482
445,445,devops,23,2,5,32,40,16,20,adopted_customer,False,False,1.0,1.0,1.0,1.0,0.3838856910285482
446,446,devops,23,2,5,26,25,13,12,adopted_customer,False,False,0.9615384615384616,0.9230769230769231,1.0,0.962,0.3838856910285482
447,447,ux_ui,34,2,9,28,37,14,18,adopted_customer,False,False,1.0,1.0,1.0,1.0,0.5496794177272486
448,448,ux_ui,34,2,9,126,215,63,107,adopted_customer,False,False,1.0,1.0,1.0,1.0,0.5496794177272486
449,449,ux_ui,34,2,9,24,22,12,11,adopted_customer,False,False,0.9166666666666666,0.9166666666666666,1.0,0.942,0.5496794177272486
450,450,ux_ui,34,2,9,20,39,10,19,adopted_customer,False,False,1.0,1.0,1.0,1.0,0.5496794177272486
451,451,ux_ui,34,2,9,22,21,11,10,adopted_customer,False,False,0.9545454545454546,0.9090909090909091,1.0,0.955,0.5496794177272486
452,452,ux_ui,34,2,9,18,37,9,18,adopted_customer,False,False,1.0,1.0,1.0,1.0,0.5496794177272486
453,453,testing,32,2,8,26,25,13,12,adopted_customer,False,False,0.9615384615384616,0.9230769230769231,1.0,0.962,0.4807376669676135
454,454,testing,32,2,8,24,22,12,11,adopted_customer,False,False,0.9166666666666666,0.9166666666666666,1.0,0.942,0.4807376669676135
455,455,testing,32,2,8,22,20,11,10,adopted_customer,False,False,0.9090909090909091,0.9090909090909091,1.0,0.936,0.4807376669676135
456,456,testing,32,2,8,20,18,10,9,adopted_customer,False,False,0.9,0.9,1.0,0.93,0.4807376669676135
457,457,testing,32,2,8,18,17,9,8,adopted_customer,False,False,0.9444444444444444,0.8888888888888888,1.0,0.944,0.4807376669676135
458,458,backend,6,2,1,42,51,21,25,adopted_customer,False,False,1.0,1.0,1.0,1.0,0.35034211287861616
459,459,backend,6,2,1,40,38,20,19,adopted_customer,False,False,0.95,0.95,1.0,0.965,0.35034211287861616
460,460,backend,6,2,1,38,37,19,18,adopted_customer,False,False,0.9736842105263158,0.9473684210526315,1.0,0.974,0.35034211287861616
461,461,backend,6,2,1,45,43,22,21,adopted_customer,False,False,0.9555555555555556,0.9545454545454546,1.0,0.969,0.35034211287861616
462,462,backend,6,2,1,36,54,18,27,adopted_customer,False,False,1.0,1.0,1.0,1.0,0.35034211287861616
463,463,backend,6,2,1,32,30,16,15,adopted_customer,False,False,0.9375,0.9375,1.0,0.956,0.35034211287861616
464,464,backend,6,2,1,34,32,17,16,adopted_customer,False,False,0.9411764705882353,0.9411764705882353,1.0,0.959,0.35034211287861616
465,465,backend,6,2,1,28,36,14,18,adopted_customer,False,False,1.0,1.0,1.0,1.0,0.35034211287861616
466,466,backend,6,2,1,26,25,13,12,adopted_customer,False,False,0.9615384615384616,0.9230769230769231,1.0,0.962,0.35034211287861616
467,467,backend,6,2,1,22,51,11,25,adopted_customer,False,False,1.0,1.0,1.0,1.0,0.35034211287861616
468,468,backend,6,2,1,33,32,16,16,adopted_customer,False,False,0.9696969696969697,1.0,1.0,0.988,0.35034211287861616
469,469,backend,6,2,1,40,39,20,19,adopted_customer,False,False,0.975,0.95,1.0,0.975,0.35034211287861616
470,470,backend,6,2,1,35,33,17,16,adopted_customer,False,False,0.9428571428571428,0.9411764705882353,1.0,0.959,0.35034211287861616
471,471,backend,6,2,1,31,59,15,29,adopted_customer,False,False,1.0,1.0,1.0,1.0,0.35034211287861616
472,472,backend,6,2,1,29,27,14,13,adopted_customer,False,False,0.9310344827586207,0.9285714285714286,1.0,0.951,0.35034211287861616
473,473,backend,6,2,1,25,53,12,26,adopted_customer,False,False,1.0,1.0,1.0,1.0,0.35034211287861616
474,474,frontend,8,2,2,40,28,20,14,adopted_customer,False,False,0.7,0.7,1.0,0.79,0.3607607691617148
475,475,frontend,8,2,2,36,34,18,17,adopted_customer,False,False,0.9444444444444444,0.9444444444444444,1.0,0.961,0.3607607691617148
476,476,frontend,8,2,2,28,27,14,13,adopted_customer,False,False,0.9642857142857143,0.9285714285714286,1.0,0.964,0.3607607691617148
477,477,frontend,8,2,2,24,23,12,11,adopted_customer,False,False,0.9583333333333334,0.9166666666666666,1.0,0.958,0.3607607691617148
478,478,frontend,8,2,2,30,29,15,14,adopted_customer,False,False,0.9666666666666667,0.9333333333333333,1.0,0.967,0.3607607691617148
479,479,frontend,8,2,2,26,25,13,12,adopted_customer,False,False,0.9615384615384616,0.9230769230769231,1.0,0.962,0.3607607691617148
480,480,frontend,8,2,2,22,21,11,10,adopted_customer,False,False,0.9545454545454546,0.9090909090909091,1.0,0.955,0.3607607691617148
481,481,frontend,8,2,2,20,29,10,14,adopted_customer,False,False,1.0,1.0,1.0,1.0,0.3607607691617148
482,482,frontend,8,2,2,34,33,17,16,adopted_customer,False,False,0.9705882352941176,0.9411764705882353,1.0,0.971,0.3607607691617148
483,483,frontend,8,2,2,28,26,14,13,adopted_customer,False,False,0.9285714285714286,0.9285714285714286,1.0,0.95,0.3607607691617148
484,484,frontend,8,2,2,18,17,9,8,adopted_customer,False,False,0.9444444444444444,0.8888888888888888,1.0,0.944,0.3607607691617148
485,485,frontend,8,2,2,23,22,11,11,adopted_customer,False,False,0.9565217391304348,1.0,1.0,0.983,0.3607607691617148
486,486,frontend,8,2,2,19,28,9,14,adopted_customer,False,False,1.0,1.0,1.0,1.0,0.3607607691617148
487,487,frontend,8,2,2,25,24,12,12,adopted_customer,False,False,0.96,1.0,1.0,0.984,0.3607607691617148
488,488,frontend,8,2,2,27,26,13,13,adopted_customer,False,False,0.9629629629629629,1.0,1.0,0.985,0.3607607691617148
489,489,frontend,8,2,2,32,40,16,20,adopted_customer,False,False,1.0,1.0,1.0,1.0,0.3607607691617148
490,490,frontend,8,2,2,21,20,10,10,adopted_customer,False,False,0.9523809523809523,1.0,1.0,0.981,0.3607607691617148
491,491,integration,24,2,3,40,29,20,14,adopted_customer,False,False,0.725,0.7,1.0,0.8,0.13826057087921492
492,492,integration,24,2,3,34,33,17,16,adopted_customer,False,False,0.9705882352941176,0.9411764705882353,1.0,0.971,0.13826057087921492
493,493,integration,24,2,3,32,30,16,15,adopted_customer,False,False,0.9375,0.9375,1.0,0.956,0.13826057087921492
494,494,integration,24,2,3,30,28,15,14,adopted_customer,False,False,0.9333333333333333,0.9333333333333333,1.0,0.953,0.13826057087921492
495,495,integration,24,2,3,26,24,13,12,adopted_customer,False,False,0.9230769230769231,0.9230769230769231,1.0,0.946,0.13826057087921492
496,496,integration,24,2,3,22,21,11,10,adopted_customer,False,False,0.9545454545454546,0.9090909090909091,1.0,0.955,0.13826057087921492
497,497,integration,24,2,3,24,43,12,21,adopted_customer,False,False,1.0,1.0,1.0,1.0,0.13826057087921492
498,498,integration,24,2,3,118,147,59,73,adopted_customer,False,False,1.0,1.0,1.0,1.0,0.13826057087921492
499,499,database,50,2,4,38,46,19,23,adopted_customer,False,False,1.0,1.0,1.0,1.0,0.5915143993433466
500,500,database,50,2,4,132,140,66,70,adopted_customer,False,False,1.0,1.0,1.0,1.0,0.5915143993433466
501,501,database,50,2,4,28,27,14,13,adopted_customer,False,False,0.9642857142857143,0.9285714285714286,1.0,0.964,0.5915143993433466
502,502,database,50,2,4,26,25,13,12,adopted_customer,False,False,0.9615384615384616,0.9230769230769231,1.0,0.962,0.5915143993433466
503,503,database,50,2,4,22,21,11,10,adopted_customer,False,False,0.9545454545454546,0.9090909090909091,1.0,0.955,0.5915143993433466
504,504,database,50,2,4,24,22,12,11,adopted_customer,False,False,0.9166666666666666,0.9166666666666666,1.0,0.942,0.5915143993433466
505,505,database,50,2,4,120,219,60,109,adopted_customer,False,False,1.0,1.0,1.0,1.0,0.5915143993433466
506,506,database,50,2,4,25,13,12,6,adopted_customer,False,False,0.52,0.5,1.0,0.658,0.5915143993433466
507,507,devops,23,2,5,36,34,18,17,adopted_customer,False,False,0.9444444444444444,0.9444444444444444,1.0,0.961,0.3838856910285482
508,508,devops,23,2,5,30,28,15,14,adopted_customer,False,False,0.9333333333333333,0.9333333333333333,1.0,0.953,0.3838856910285482
509,509,devops,23,2,5,28,36,14,18,adopted_customer,False,False,1.0,1.0,1.0,1.0,0.3838856910285482
510,510,devops,23,2,5,24,23,12,11,adopted_customer,False,False,0.9583333333333334,0.9166666666666666,1.0,0.958,0.3838856910285482
511,511,devops,23,2,5,32,30,16,15,adopted_customer,False,False,0.9375,0.9375,1.0,0.956,0.3838856910285482
512,512,devops,23,2,5,26,35,13,17,adopted_customer,False,False,1.0,1.0,1.0,1.0,0.3838856910285482
513,513,ux_ui,34,2,9,28,27,14,13,adopted_customer,False,False,0.9642857142857143,0.9285714285714286,1.0,0.964,0.5496794177272486
514,514,ux_ui,34,2,9,26,25,13,12,adopted_customer,False,False,0.9615384615384616,0.9230769230769231,1.0,0.962,0.5496794177272486
515,515,ux_ui,34,2,9,24,22,12,11,adopted_customer,False,False,0.9166666666666666,0.9166666666666666,1.0,0.942,0.5496794177272486
516,516,ux_ui,34,2,9,120,139,60,69,adopted_customer,False,False,1.0,1.0,1.0,1.0,0.5496794177272486
517,517,ux_ui,34,2,9,22,26,11,13,adopted_customer,False,False,1.0,1.0,1.0,1.0,0.5496794177272486
518,518,ux_ui,34,2,9,18,5,9,2,adopted_customer,False,False,0.2777777777777778,0.2222222222222222,1.0,0.478,0.5496794177272486
